100, "Silly Toy Snake", 24.99, "12 In. Long", 12, "Mary's Toys", "PrimaryColor.beige", "IsToyChokingHazard.False", "A fun wooden snake with cute details.", 18, "PrimaryMaterial.woodRecycled", "AgeCategory.Toddler"
101, "Wool Doll - Cat", 34.99, "6 in. (H) X 3 in.(W)", 6, "Mary's Toys", "PrimaryColor.beige", "IsToyChokingHazard.False", "A cute wool cat doll for imaginative play", 38, "PrimaryMaterial.woolSustainablyHarvested", "AgeCategory.preSchoolAge"
102, "Wool Doll - Dog", 34.99, "3x3 inches", 6, "Mary's Toys", "PrimaryColor.beige", "IsToyChokingHazard.False", "A cute wool dog doll for imaginative play", 25, "PrimaryMaterial.woolSustainablyHarvested", "AgeCategory.preSchoolAge"
103, "Wool Doll - Elephant", 34.99, "3x3 inches", 6, "Mary's Toys", "PrimaryColor.beige", "IsToyChokingHazard.False", "A cute wool elephant doll for imaginative play.", 25, "PrimaryMaterial.woolSustainablyHarvested", "AgeCategory.preSchoolAge"
104, "Wool Doll - Person, Option A", 34.99, "3x3 inches", 6, "Mary's Toys", "PrimaryColor.beige", "IsToyChokingHazard.False", "A cute wool doll featuring a person wearing a sage-green one-piece outfit.", 33, "PrimaryMaterial.woolSustainablyHarvested", "AgeCategory.preSchoolAge"
105, "Wool Doll - Person, Option B", 34.99, "3x3 inches", 6, "Mary's Toys", "PrimaryColor.beige", "IsToyChokingHazard.False", "A cute wool doll featuring a person wearing a sage-green two-piece outfit with a hat.", 30, "PrimaryMaterial.woolSustainablyHarvested", "AgeCategory.preSchoolAge"
106, "Wooden Car - Everyday Adventures Edition, Option A", 19.99, "6(L)x4(W)x3(D) inches", 15, "Mary's Toys", "PrimaryColor.sageGreen", "IsToyChokingHazard.False", "A fun wooden car featuring an everyday car design.", 12, "PrimaryMaterial.woodRecycled", "AgeCategory.Toddler"
107, "Wooden Car - Everyday Adventures Edition, Option A", 24.99, "6(H)x4(W)x3(D) inches", 15, "Mary's Toys", "PrimaryColor.sageGreen", "IsToyChokingHazard.False", "A fun wooden car that features an everyday car for imaginative play.", 25, "PrimaryMaterial.woodRecycled", "AgeCategory.Toddler"
108, "Wooden Piano", 174.99, "4ft(H) x 3ft(W) x 1ft (D)", 100, "Mary's Toys", "PrimaryColor.sageGreen", "IsToyChokingHazard.False", "A fun interactive wooden piano for your growing musician", 4, "PrimaryMaterial.woodRecycled", "AgeCategory.schoolAge"
109, "Wooden Blocks - Starter Home Set", 64.99, "Varies", 50, "Mary's Toys", "PrimaryColor.sageGreen", "IsToyChokingHazard.False", "A fun set of wooden blocks designed to build a home for imaginative play.", 50, "PrimaryMaterial.woodRecycled", "AgeCategory.Toddler"
110, "Teething Toy - Rabbit", 14.99, "4 inches(L) x 3 inches(W) x 0.5 inches(D)", 5, "Mary's Toys", "PrimaryColor.sageGreen", "IsToyChokingHazard.False", "A cute teething toy for your little bunny.", 35, "PrimaryMaterial.bamboo", "AgeCategory.infant"
111, "Wool Plushie - Cat", 29.99, "1ft(H) x 6in(W)", 12, "Mary's Toys", "PrimaryColor.beige", "IsToyChokingHazard.False", "A cute wool plushie for imaginative play and restful naps.", 25, "PrimaryMaterial.woolSustainablyHarvested", "AgeCategory.infant"
112, "Wool Plushie - Dog", 29.99, "1ft(H) x 6in(W)", 12, "Mary's Toys", "PrimaryColor.beige", "IsToyChokingHazard.False", "A cute wool plushie for imaginative play and restful naps.", 25, "PrimaryMaterial.woolSustainablyHarvested", "AgeCategory.infant"
113, "Wool Plushie - Bird", 29.99, "1ft(H) x 6in(W)", 12, "Mary's Toys", "PrimaryColor.beige", "IsToyChokingHazard.False", "A cute wool plushie for imaginative play and restful naps.", 25, "PrimaryMaterial.woolSustainablyHarvested", "AgeCategory.infant"
114, "Wool Plushie - Panda", 29.99, "1ft(H) x 6in(W)", 12, "Mary's Toys", "PrimaryColor.beige", "IsToyChokingHazard.False", "A cute wool plushie for imaginative play and restful naps.", 25, "PrimaryMaterial.woolSustainablyHarvested", "AgeCategory.infant"
115, "Wool Plushie - Octopus", 29.99, "1ft(H) x 6in(W)", 12, "Mary's Toys", "PrimaryColor.beige", "IsToyChokingHazard.False", "A cute wool plushie for imaginative play and restful naps.", 25, "PrimaryMaterial.woolSustainablyHarvested", "AgeCategory.infant"
116, "Wool Plushie - Rabbit", 29.99, "1ft(H) x 6in(W)", 12, "Mary's Toys", "PrimaryColor.beige", "IsToyChokingHazard.False", "A cute wool plushie for imaginative play and restful naps.", 25, "PrimaryMaterial.woolSustainablyHarvested", "AgeCategory.infant"
117, "Wooden Shopping Cart", 49.99, "2ft(H) x 1.5ft(L) x 6 inches (D)", 50, "Mary's Toys", "PrimaryColor.beige", "IsToyChokingHazard.False", "A cute wooden shopping cart for imaginative play.", 25, "PrimaryMaterial.woodRecycled", "AgeCategory.preSchoolAge"
118, "Wooden Puzzle Cube", 19.99, "6x6x6 inches", 12, "Mary's Toys", "PrimaryColor.beige", "IsToyChokingHazard.False", "A fun challenging puzzle cube to help evoke complex thinking and problem-solving skills.", 25, "PrimaryMaterial.woodRecycled", "AgeCategory.schoolAge"
119, "Wooden Chess Board & Pieces", 29.99, "1ft(L) x 1ft(W)", 80, "Mary's Toys", "PrimaryColor.beige", "IsToyChokingHazard.False", "A fun challenging game of chess that can help evoke complex thinking and problem-solving skills.", 25, "PrimaryMaterial.woodRecycled", "AgeCategory.schoolAge"